Šifra usluge,Naziv usluge,Jedinica mjere,Aktualna cijena (EUR),Dodatna ili sidrena cijena na datum 10.09.2026. (EUR),"Poseban oblik prodaje (akcija, sniženje + naziv posebnog oblika prodaje)",Najniža cijena u posljednih 30 dana,Napomena
consultation,Konzultacije,tretman,40.00,40.00,,,Ako tretman radite kod nas cijena konzultacija se oduzima od cijene tretmana
dermaplaning,Dermaplaning,tretman,70.00,70.00,,,"Čišćenje lica, dermaplaning, umirujuća maska"
facial-massage,Masaža Lica,20 min,20.00,20.00,,,Trajanje 20min
peptidna-maska,Peptidna maska,tretman,70.00,70.00,,,"Čišćenje lica, maska, serum, krema, spf"
marshmallow-hydrating-maska,Marshmallow Hydrating maska,tretman,60.00,60.00,,,"Čišćenje lica, maska, serum, krema, spf"
charcoal-clarifying-maska,Charcoal Clarifying maska,tretman,60.00,60.00,,,"Čišćenje lica, maska, serum, krema, spf"
signature-dermaplaning,Signature Dermaplaning Facial,tretman,110.00,110.00,,,"Čišćenje lica, dermaplaning, enzimski piling, Marshmallow Whip Hydrating maska, serum, krema, spf"
firming-peptide-maska,Firming Peptide Facial,tretman,120.00,120.00,,,"Čišćenje lica, dermaplaning, enzimski piling, Firming Peptide maska, serum, krema, spf"
beyond-botox-facial,Beyond Botox Facial,tretman,200.00,200.00,,,"Čišćenje lica, dermaplaning, kemijski piling, 1 LED fototerapija, Firming peptide maska, okoloočna njega, serum, krema, spf"
led-fototerapija-single,LED Fototerapija - Pojedinačni Tretman,30 min,25.00,25.00,,,1 tretman LED fototerapije u trajanju od 30 min
led-fototerapija-standard,LED Fototerapija - Standard Paket,tretman,135.00,135.00,Paket,,Paket od 6 tretmana LED fototerapije
led-fototerapija-premium,LED Fototerapija - Premium Paket,tretman,220.00,220.00,Paket,,Paket od 10 tretmana LED fototerapije
led-fototerapija-addon,LED Fototerapija - Dodatak,15 min,15.00,15.00,,,Kao dodatak drugom tretmanu u trajanju od 15min
botox-25,Botox 25,tretman,120.00,120.00,,,25 jedinica botoxa
botox-50,Botox 50,tretman,240.00,240.00,,,50 jedinica botoxa
botox-100,Botox 100,tretman,480.00,480.00,,,100 jedinica botoxa
aliaxin,Aliaxin,tretman,315.00,315.00,,,1 ml
model-h,Model H,tretman,315.00,315.00,,,1 ml
hyaluronidase,Hijaluronidaza,tretman,53.00,53.00,,,Enzim za razgradnju hijaluronske kiseline
chemical-peel-standard,Standard,tretman,55.00,55.00,,,1 tretman kemijskog pilinga lica
chemical-peel-standard-package,Standard Paket,tretman,195.00,195.00,Paket,,4 tretmana kemijskog pilinga lica
chemical-peel-premium,Premium,tretman,75.00,75.00,,,"1 tretman kemijskog pilinga lica, vrata i dekoltea"
chemical-peel-premium-package,Premium Paket,tretman,270.00,270.00,Paket,,"4 tretmana kemijskog pilinga lica, vrata i dekoltea"
neck-refine-combo,Neck Refine,tretman,635.00,635.00,Limitirano,,"Uključuje botox 50 jedinica, Y zona 5 mezoterapija otapanja i zatezanja podbratka i vrata"
hair-boost-combo,Hair Boost,tretman,784.00,784.00,Limitirano,,Uključuje 5 tretmana mezoterapije vlasišta velike zone i 2 PRP tretmana
fresh-up-combo,Fresh Up,tretman,445.00,445.00,Limitirano,,"Uključuje botox 50 jedinica, dermalni filer 1ml"
skin-revive-combo,Skin Revive,tretman,830.00,830.00,Limitirano,,"Uključuje skin booster TKN HA3 2 tretmana, 2 PRP tretmana, 2 LED fototerapija"
glow-define-combo,Glow & Define,tretman,920.00,920.00,Limitirano,,"Uključuje mezoterapija dermapenom 4 4 tretmana, Y zona 5 tretmana, fototerapija 5 tretmana"
eye-refresh-combo,Eye Refresh,tretman,780.00,780.00,Limitirano,,"Uključuje plasmage donjeg ili gornjeg kapka, botox 50 jedinica"
eye-lift-combo,Eye Lift,tretman,420.00,420.00,Limitirano,,"Uključuje plasmage okoloočnih bora, botox 50 jedinica"
lumifusion-combo,LumiFusion,tretman,300.00,300.00,Limitirano,,"Uključuje PRP tretman, dermaplaning i LED fototerapiju"
microneedling-face,Microneedling Face,tretman,120.00,120.00,,,1 tretman lica Dermapenom 4
microneedling-face-standard,Microneedling Face Standard Paket,tretman,435.00,435.00,Paket,,paket od 4 tretmana lica Dermapenom 4
microneedling-face-premium,Microneedling Face Premium Paket,tretman,615.00,615.00,Paket,,paket od 6 tretmana lica Dermapenom 4
microneedling-beauty,Microneedling Beauty,tretman,155.00,155.00,,,"1 tretman lica, vrata i dekoltea Dermapenom 4"
microneedling-beauty-standard,Microneedling Beauty Standard Paket,tretman,560.00,560.00,Paket,,"paket od 4 tretmana lica, vrata i dekoltea Dermapenom 4"
microneedling-beauty-premium,Microneedling Beauty Premium Paket,tretman,835.00,835.00,Paket,,"6 tretmana lica, vrata i dekoltea Dermapenom 4"
exo-face,Exo Face,tretman,175.00,175.00,,,1 tretman lica egzosomima
exo-face-classic-dermapen,Exo Face Classic,tretman,630.00,630.00,Paket,,Paket od 4 tretmana lica egzosomima
exo-hair-dermapen,Exo Hair,tretman,175.00,175.00,,,1 tretman vlasišta egzosomima
exo-hair-classic-dermapen,Exo Hair Classic,tretman,630.00,630.00,Paket,,Paket od 4 tretmana vlasišta egzosomima
y-zone-dermapen,Y Zona,tretman,540.00,540.00,Paket,,5 tretmana topljenja i zatezanja podbratka i vrata
hair-s-dermapen,Hair S,tretman,60.00,60.00,,,1 mezoterapija male zone vlasišta
hair-s-standard-dermapen,Hair S - Standard Paket,tretman,270.00,270.00,Paket,,5 mezoterapija male zone vlasišta
hair-s-premium-dermapen,Hair S - Premium Paket,tretman,500.00,500.00,Paket,,10 mezoterapija male zone vlasišta
hair-l-dermapen,Hair L,tretman,90.00,90.00,,,1 mezoterapija velike zone vlasišta
hair-l-standard-dermapen,Hair L - Standard Paket,tretman,405.00,405.00,Paket,,5 mezoterapija velike zone vlasišta
hair-l-premium-dermapen,Hair L - Premium Paket,tretman,770.00,770.00,Paket,,10 mezoterapija velike zone vlasišta
brows-dermapen,Brows,tretman,10.00,10.00,,,Nadoplata na tretman mezoterapije vlasišta
brows-package-dermapen,Brows Paket,tretman,185.00,185.00,Paket,,5 mezoterapija obrva
beard-dermapen,Beard,tretman,20.00,20.00,,,Nadoplata na tretman mezoterapije vlasišta
mesoject-standard,Standard,tretman,95.00,95.00,,,1 mezoterapija lica
mesoject-standard-package,Standard Paket,tretman,340.00,340.00,Paket,,4 mezoterapije lica i Hydraboost usana
mesoject-premium,Premium,tretman,130.00,130.00,,,"1 mezoterapija lica, vrata i dekoltea"
premium-package,Premium Paket,tretman,470.00,470.00,Paket,,4 mezoterapije lica i vrata
mesoject-duosomal-standard,Duosomal Standard,tretman,130.00,130.00,,,"1 kemijski piling Duosomal, mezoterapiju lica i skin architect masku"
mesoject-duosomal-standard-package,Duosomal Standard Paket,tretman,520.00,520.00,Paket,,"5 kemijski piling Duosomal, mezoterapiju lica i skin architect masku"
mesoject-hair-s,Hair S,tretman,45.00,45.00,,,1 mezoterapija male zone vlasišta
mesoject-hair-s-standard,Hair S - Standard Paket,tretman,200.00,200.00,Paket,,5 mezoterapija male zone vlasišta
mesoject-hair-s-premium,Hair S - Premium Paket,tretman,360.00,360.00,Paket,,10 mezoterapija male zone vlasišta
mesoject-hair-l,Hair L,tretman,75.00,75.00,,,1 mezoterapija velike zone vlasišta
mesoject-hair-l-standard,Hair L - Standard Paket,tretman,335.00,335.00,Paket,,5 mezoterapija velike zone vlasišta
mesoject-hair-l-premium,Hair L - Premium Paket,tretman,630.00,630.00,Paket,,10 mezoterapija velike zone vlasišta
exo-face,Exo Face,tretman,150.00,150.00,,,Jedan tretman lica egzosomima
exo-face-classic,Exo Face Classic,tretman,540.00,540.00,Paket,,Paket od 4 tretmana lica egzosomima
exo-hair,Exo Hair,tretman,150.00,150.00,,,Jedan tretman vlasišta egzosomima
exo-hair-classic,Exo Hair Classic,tretman,540.00,540.00,Paket,,Paket od 4 tretmana vlasišta egzosomima
brows-mesoject,Brows,tretman,10.00,10.00,,,Nadoplata na tretman mezoterapije vlasišta
beard-mesoject,Beard,tretman,15.00,15.00,,,Nadoplata na tretman mezoterapije vlasišta
plasmage-eyes-standard,Eyes Standard,tretman,600.00,600.00,,,Nekirurško podizanje gornjeg ili donjeg kapka
plasmage-eyes-premium,Eyes Premium,tretman,850.00,850.00,,,Nekirurško podizanje gornjeg i donjeg kapka
plasmage-benign-removal,Uklanjanje Dobroćudnih Promjena,tretman,20.00,20.00,,,Uklanjanje 1 promjene
plasmage-anti-age,Anti-Age Tretman,tretman,300.00,300.00,,,Tretman uklanjanja bora plasmageom
plasmage-scar-s,Scar S,tretman,50.00,50.00,,,Terapija malog ožiljka plasmageom
plasmage-scar-l,Scar L,tretman,90.00,90.00,,,Terapija velikog ožiljka plasmageom
prp-single,PRP,tretman,265.00,265.00,,,1 PRP tretman (4 ml)
prp-ideal,PRP Ideal,tretman,475.00,475.00,Paket,,2 PRP tretmana
prp-superior,PRP Superior,tretman,675.00,675.00,Paket,,3 PRP tretmana
prp-classic,PRP Classic,tretman,845.00,845.00,Paket,,4 PRP tretmana
skin-booster-tkn-ha3,TKN HA3,tretman,265.00,265.00,,,1 tretman TKN HA3
skin-booster-tkn-ha3-standard,TKN HA3 - Standard Paket,tretman,475.00,475.00,Paket,,2 tretmana TKN HA3
skin-booster-tkn-ha3-premium,TKN HA3 - Premium Paket,tretman,640.00,640.00,Paket,,Premium paket - 3 tretmana TKN HA3
skin-booster-profhilo,Profhilo,tretman,340.00,340.00,,,1 tretman Profhilo
skin-booster-profhilo-package,Profhilo Paket,tretman,635.00,635.00,Paket,,2 tretmana Profhilo
